R2,NextSeq,Rev Comp
N7_BC13,GAATTGCT,AGCAATTC
N7_BC14,TACTTGCA,TGCAAGTA
N7_BC15,TAGATCCT,AGGATCTA
N7_BC16,CTTGCAGA,TCTGCAAG
N7_BC17,TGCGACCT,AGGTCGCA
N7_BC18,CATTCCGA,TCGGAATG
N7_BC19,GATAACCT,AGGTTATC
N7_BC20,CAAGGCGA,TCGCCTTG
N7_BC21,GACGCTAT,ATAGCGTC
N7_BC22,TTGCTGGA,TCCAGCAA
N7_BC23,AACATAAT,ATTATGTT
N7_BC24,CCTGGATA,TATCCAGG
N7_BC13,GAATTGCT,AGCAATTC
N7_BC14,TACTTGCA,TGCAAGTA
N7_BC15,TAGATCCT,AGGATCTA
N7_BC16,CTTGCAGA,TCTGCAAG
N7_BC17,TGCGACCT,AGGTCGCA
N7_BC18,CATTCCGA,TCGGAATG
N7_BC19,GATAACCT,AGGTTATC
N7_BC20,CAAGGCGA,TCGCCTTG
N7_BC21,GACGCTAT,ATAGCGTC
N7_BC22,TTGCTGGA,TCCAGCAA
N7_BC23,AACATAAT,ATTATGTT
N7_BC24,CCTGGATA,TATCCAGG
N7_BC13,GAATTGCT,AGCAATTC
N7_BC14,TACTTGCA,TGCAAGTA
N7_BC15,TAGATCCT,AGGATCTA
N7_BC16,CTTGCAGA,TCTGCAAG
N7_BC17,TGCGACCT,AGGTCGCA
N7_BC18,CATTCCGA,TCGGAATG
N7_BC19,GATAACCT,AGGTTATC
N7_BC20,CAAGGCGA,TCGCCTTG
N7_BC21,GACGCTAT,ATAGCGTC
N7_BC22,TTGCTGGA,TCCAGCAA
N7_BC23,AACATAAT,ATTATGTT
N7_BC24,CCTGGATA,TATCCAGG
N7_BC13,GAATTGCT,AGCAATTC
N7_BC14,TACTTGCA,TGCAAGTA
N7_BC15,TAGATCCT,AGGATCTA
N7_BC16,CTTGCAGA,TCTGCAAG
N7_BC17,TGCGACCT,AGGTCGCA
N7_BC18,CATTCCGA,TCGGAATG
N7_BC19,GATAACCT,AGGTTATC
N7_BC20,CAAGGCGA,TCGCCTTG
N7_BC21,GACGCTAT,ATAGCGTC
N7_BC22,TTGCTGGA,TCCAGCAA
N7_BC23,AACATAAT,ATTATGTT
N7_BC24,CCTGGATA,TATCCAGG
N7_BC13,GAATTGCT,AGCAATTC
N7_BC14,TACTTGCA,TGCAAGTA
N7_BC15,TAGATCCT,AGGATCTA
N7_BC16,CTTGCAGA,TCTGCAAG
N7_BC17,TGCGACCT,AGGTCGCA
N7_BC18,CATTCCGA,TCGGAATG
N7_BC19,GATAACCT,AGGTTATC
N7_BC20,CAAGGCGA,TCGCCTTG
N7_BC21,GACGCTAT,ATAGCGTC
N7_BC22,TTGCTGGA,TCCAGCAA
N7_BC23,AACATAAT,ATTATGTT
N7_BC24,CCTGGATA,TATCCAGG
N7_BC13,GAATTGCT,AGCAATTC
N7_BC14,TACTTGCA,TGCAAGTA
N7_BC15,TAGATCCT,AGGATCTA
N7_BC16,CTTGCAGA,TCTGCAAG
N7_BC17,TGCGACCT,AGGTCGCA
N7_BC18,CATTCCGA,TCGGAATG
N7_BC19,GATAACCT,AGGTTATC
N7_BC20,CAAGGCGA,TCGCCTTG
N7_BC21,GACGCTAT,ATAGCGTC
N7_BC22,TTGCTGGA,TCCAGCAA
N7_BC23,AACATAAT,ATTATGTT
N7_BC24,CCTGGATA,TATCCAGG
N7_BC13,GAATTGCT,AGCAATTC
N7_BC14,TACTTGCA,TGCAAGTA
N7_BC15,TAGATCCT,AGGATCTA
N7_BC16,CTTGCAGA,TCTGCAAG
N7_BC17,TGCGACCT,AGGTCGCA
N7_BC18,CATTCCGA,TCGGAATG
N7_BC19,GATAACCT,AGGTTATC
N7_BC20,CAAGGCGA,TCGCCTTG
N7_BC21,GACGCTAT,ATAGCGTC
N7_BC22,TTGCTGGA,TCCAGCAA
N7_BC23,AACATAAT,ATTATGTT
N7_BC24,CCTGGATA,TATCCAGG
N7_BC13,GAATTGCT,AGCAATTC
N7_BC14,TACTTGCA,TGCAAGTA
N7_BC15,TAGATCCT,AGGATCTA
N7_BC16,CTTGCAGA,TCTGCAAG
N7_BC17,TGCGACCT,AGGTCGCA
N7_BC18,CATTCCGA,TCGGAATG
N7_BC19,GATAACCT,AGGTTATC
N7_BC20,CAAGGCGA,TCGCCTTG
N7_BC21,GACGCTAT,ATAGCGTC
N7_BC22,TTGCTGGA,TCCAGCAA
N7_BC23,AACATAAT,ATTATGTT
N7_BC24,CCTGGATA,TATCCAGG